{
  "1": {
    "n_trials": 80,
    "n_left": 40,
    "n_right": 40,
    "band_analysis": {
      "Delta (0.5-4 Hz)": {
        "left_mean": 2.730818565905196,
        "right_mean": 2.5526431050425398,
        "ratio": 1.0698003808329823,
        "t_stat": 0.26039572978404585,
        "p_value": 0.7952447265165705,
        "significant": false
      },
      "Theta (4-8 Hz)": {
        "left_mean": 0.29422441864490134,
        "right_mean": 0.37052146097024785,
        "ratio": 0.7940819888662994,
        "t_stat": -0.7541511400565291,
        "p_value": 0.4530292238204321,
        "significant": false
      },
      "Alpha/Mu (8-12 Hz)": {
        "left_mean": 0.2190606915201101,
        "right_mean": 0.2496663930931781,
        "ratio": 0.8774136110435752,
        "t_stat": -0.7889186323634477,
        "p_value": 0.4325509919221959,
        "significant": false
      },
      "Beta (12-30 Hz)": {
        "left_mean": 0.3345572124649608,
        "right_mean": 0.34344852492418876,
        "ratio": 0.9741116592036883,
        "t_stat": -0.22205927331423095,
        "p_value": 0.8248481289008271,
        "significant": false
      },
      "Gamma (30-50 Hz)": {
        "left_mean": 0.4847268171755529,
        "right_mean": 0.4270418630313307,
        "ratio": 1.1350803261646272,
        "t_stat": 1.0910649307910172,
        "p_value": 0.27860323269187076,
        "significant": false
      }
    },
    "snr_linear": 1.0057987140618494,
    "snr_db": 0.025110760291915696,
    "signal_mean": 512.5040727364061,
    "signal_std": 7.217035169238002
  },
  "2": {
    "n_trials": 80,
    "n_left": 40,
    "n_right": 40,
    "band_analysis": {
      "Delta (0.5-4 Hz)": {
        "left_mean": 3.9745772332161224,
        "right_mean": 4.160467781329311,
        "ratio": 0.9553197962624782,
        "t_stat": -0.22052859425124083,
        "p_value": 0.8260357156955326,
        "significant": false
      },
      "Theta (4-8 Hz)": {
        "left_mean": 0.35803120933649496,
        "right_mean": 0.38309720359397026,
        "ratio": 0.9345701455862315,
        "t_stat": -0.5856311057954988,
        "p_value": 0.5598140962836063,
        "significant": false
      },
      "Alpha/Mu (8-12 Hz)": {
        "left_mean": 0.21158264561838375,
        "right_mean": 0.21420331267519493,
        "ratio": 0.9877655157425833,
        "t_stat": -0.1402389603074272,
        "p_value": 0.8888327039077204,
        "significant": false
      },
      "Beta (12-30 Hz)": {
        "left_mean": 0.2812603443585471,
        "right_mean": 0.2980576605468763,
        "ratio": 0.9436440715614908,
        "t_stat": -0.6228647543416147,
        "p_value": 0.535190298242292,
        "significant": false
      },
      "Gamma (30-50 Hz)": {
        "left_mean": 0.37875358233621154,
        "right_mean": 0.416026620277467,
        "ratio": 0.9104070842476465,
        "t_stat": -0.9344719741986508,
        "p_value": 0.35294446244689637,
        "significant": false
      }
    },
    "snr_linear": 1.1097808391710533,
    "snr_db": 0.4523722226755377,
    "signal_mean": 512.3150804160871,
    "signal_std": 7.761551856267497
  },
  "3": {
    "n_trials": 80,
    "n_left": 40,
    "n_right": 40,
    "band_analysis": {
      "Delta (0.5-4 Hz)": {
        "left_mean": 3.803962771052184,
        "right_mean": 2.9262718998075434,
        "ratio": 1.299934832201466,
        "t_stat": 0.8007347466663018,
        "p_value": 0.42571753958780245,
        "significant": false
      },
      "Theta (4-8 Hz)": {
        "left_mean": 0.6582633940325338,
        "right_mean": 0.5287622691136169,
        "ratio": 1.2449137022125354,
        "t_stat": 1.082711858014322,
        "p_value": 0.28227209956380034,
        "significant": false
      },
      "Alpha/Mu (8-12 Hz)": {
        "left_mean": 0.3715739226678589,
        "right_mean": 0.3310409161791678,
        "ratio": 1.1224410775456939,
        "t_stat": 1.0069712874084358,
        "p_value": 0.31706223252577687,
        "significant": false
      },
      "Beta (12-30 Hz)": {
        "left_mean": 0.1310379406943302,
        "right_mean": 0.11441421840268776,
        "ratio": 1.1452941996521293,
        "t_stat": 1.2969123194113055,
        "p_value": 0.19848470267119311,
        "significant": false
      },
      "Gamma (30-50 Hz)": {
        "left_mean": 0.14746108228258975,
        "right_mean": 0.13825418070738918,
        "ratio": 1.0665940192773389,
        "t_stat": 0.18817050233669463,
        "p_value": 0.8512316864451925,
        "significant": false
      }
    },
    "snr_linear": 3.131513093373729,
    "snr_db": 4.957542318981193,
    "signal_mean": 512.4388137000366,
    "signal_std": 5.355013124656997
  },
  "4": {
    "n_trials": 80,
    "n_left": 40,
    "n_right": 40,
    "band_analysis": {
      "Delta (0.5-4 Hz)": {
        "left_mean": 4.7299318105595916,
        "right_mean": 5.539741111090587,
        "ratio": 0.8538182048056807,
        "t_stat": -0.33962063377167767,
        "p_value": 0.7350550217586658,
        "significant": false
      },
      "Theta (4-8 Hz)": {
        "left_mean": 1.139425290350993,
        "right_mean": 0.919554376307997,
        "ratio": 1.2391059405597913,
        "t_stat": 1.5156935855500184,
        "p_value": 0.13363912737711933,
        "significant": false
      },
      "Alpha/Mu (8-12 Hz)": {
        "left_mean": 0.4491134265970239,
        "right_mean": 0.3914763860931019,
        "ratio": 1.1472299289342438,
        "t_stat": 1.2005146129823567,
        "p_value": 0.23357282706149834,
        "significant": false
      },
      "Beta (12-30 Hz)": {
        "left_mean": 0.18148362694912618,
        "right_mean": 0.16031460385069635,
        "ratio": 1.1320467542566794,
        "t_stat": 1.0764099993889125,
        "p_value": 0.2850620326823329,
        "significant": false
      },
      "Gamma (30-50 Hz)": {
        "left_mean": 2.504488563869285,
        "right_mean": 2.4395784095453403,
        "ratio": 1.0266071195211315,
        "t_stat": 0.11928458362451978,
        "p_value": 0.905356588172294,
        "significant": false
      }
    },
    "snr_linear": 0.17670950956681103,
    "snr_db": -7.527400784430759,
    "signal_mean": 512.4279597071272,
    "signal_std": 11.027504611648776
  }
}